Id,Label,SNS,PA,lat,lng
TG__146,Anon_88fcf1df,TG,,53.562336,-20.691347
Rumble__7,Anon_639d7cdb,Rumble,,53.562336,-20.691347
Rumble__47,Anon_dd8534e3,Rumble,,53.562336,-20.691347
Bitchute__50,Anon_ce6b0977,Bitchute,,53.562336,-20.691347
Bitchute__29,Anon_5e66cdb3,Bitchute,PA,53.666612,-13.222169
TG__482,Anon_30ed85c2,TG,PA,53.666612,-13.222169
TG__74,Anon_f47a648a,TG,,53.562336,-20.691347
TG__299,Anon_ed39471a,TG,,53.562336,-20.691347
TG__157,Anon_d873e540,TG,,53.562336,-20.691347
Gab__113,Anon_1bb45284,Gab,,53.562336,-20.691347
TG__220,Anon_0c202018,TG,,53.562336,-20.691347
TG__154,Anon_e13fa598,TG,,53.562336,-20.691347
Bitchute__31,Anon_71e7b6e0,Bitchute,,53.562336,-20.691347
Bitchute__39,Anon_de0942e4,Bitchute,,53.562336,-20.691347
TG__190,Anon_16536946,TG,,53.562336,-20.691347
TG__199,Anon_fdfb68ac,TG,,53.562336,-20.691347
TG__140,Anon_134de7da,TG,,53.562336,-20.691347
Bitchute__152,Anon_4e2156a9,Bitchute,,53.562336,-20.691347
Twitter__3,Anon_fbdb92a8,Twitter,,53.562336,-20.691347
TG__502,Anon_f4b2b357,TG,,53.562336,-20.691347
TG__277,Anon_1d7d58c1,TG,,53.562336,-20.691347
Gab__33,Anon_73605f45,Gab,,53.562336,-20.691347
TG__280,Anon_43732c9d,TG,,53.562336,-20.691347
TG__123,Anon_16ac7c31,TG,,53.562336,-20.691347
YouTube__60,Anon_7899ba5d,YouTube,,53.562336,-20.691347
TG__98,Anon_16d25abf,TG,,53.562336,-20.691347
TG__27,Anon_d3e1a926,TG,,53.562336,-20.691347
TG__222,Anon_f384aa40,TG,,53.562336,-20.691347
Gab__18,Anon_d496eec0,Gab,,53.562336,-20.691347
Gab__95,Anon_0c4ae790,Gab,,53.562336,-20.691347
Bitchute__110,Anon_6d8ae659,Bitchute,,53.562336,-20.691347
TG__21,Anon_8d54b147,TG,,53.562336,-20.691347
TG__64,Anon_477db670,TG,,53.562336,-20.691347
TG__122,Anon_665af973,TG,,53.562336,-20.691347
TG__278,Anon_776147a1,TG,,53.562336,-20.691347
TG__343,Anon_edf90de8,TG,,53.562336,-20.691347
Gab__61,Anon_0110b7c0,Gab,,53.562336,-20.691347
Gab__15,Anon_85f0cbc3,Gab,,53.562336,-20.691347
Bitchute__26,Anon_ab21f2a3,Bitchute,,53.562336,-20.691347
Twitter__34,Anon_ca0c4f4b,Twitter,,53.562336,-20.691347
TG__147,Anon_1204d73d,TG,,53.562336,-20.691347
Twitter__35,Anon_6fa3afd5,Twitter,,53.562336,-20.691347
TG__240,Anon_37fadf05,TG,,53.562336,-20.691347
Gab__55,Anon_87207955,Gab,,53.562336,-20.691347
Bitchute__2,Anon_d053572b,Bitchute,,53.562336,-20.691347
TG__436,Anon_5a46d36d,TG,,53.562336,-20.691347
Rumble__8,Anon_fecf1c9b,Rumble,,53.562336,-20.691347
Bitchute__89,Anon_7588353b,Bitchute,,53.562336,-20.691347
TG__444,Anon_0fdd4673,TG,,53.562336,-20.691347
Gab__129,Anon_a1c30670,Gab,,53.562336,-20.691347
Gab__435,Anon_aa4f2902,Gab,,53.562336,-20.691347
TG__70,Anon_10e977b0,TG,,53.562336,-20.691347
Bitchute__101,Anon_97a99a10,Bitchute,,53.562336,-20.691347
Bitchute__44,Anon_f4925d78,Bitchute,,53.562336,-20.691347
TG__404,Anon_8d6e9892,TG,,53.562336,-20.691347
Gab__10,Anon_9f50e6d3,Gab,,53.562336,-20.691347
TG__300,Anon_47e05a03,TG,,53.562336,-20.691347
TG__313,Anon_e3e7ab35,TG,PA,53.666612,-13.222169
TG__322,Anon_40e4357e,TG,,53.562336,-20.691347
TG__500,Anon_5e66cdb3,TG,PA,53.666612,-13.222169
Gab__5,Anon_427d5b30,Gab,,53.562336,-20.691347
Gab__56,Anon_398faf13,Gab,,53.562336,-20.691347
Gab__20,Anon_24915fb5,Gab,,53.562336,-20.691347
TG__497,Anon_6d8ae659,TG,,53.562336,-20.691347
Gab__97,Anon_69d2eea8,Gab,,53.562336,-20.691347
TG__499,Anon_2e755024,TG,,53.562336,-20.691347
TG__84,Anon_0db5e598,TG,,53.562336,-20.691347
TG__259,Anon_43f48a59,TG,,53.562336,-20.691347
Gab__87,Anon_0d2904b3,Gab,,53.562336,-20.691347
Gab__101,Anon_1e5270d3,Gab,,53.562336,-20.691347
Gab__29,Anon_1b8d2a7a,Gab,,53.562336,-20.691347
Gab__84,Anon_690ae63b,Gab,,53.562336,-20.691347
Gab__7,Anon_f5184a56,Gab,,53.562336,-20.691347
Gab__112,Anon_392854bc,Gab,,53.562336,-20.691347
Gab__93,Anon_f6a7eb3c,Gab,,53.562336,-20.691347
TG__459,Anon_a083b70c,TG,,53.562336,-20.691347
Gab__104,Anon_2c19d413,Gab,,53.562336,-20.691347
Bitchute__10,Anon_66b09ae3,Bitchute,,53.562336,-20.691347
TG__218,Anon_7fa35951,TG,,53.562336,-20.691347
TG__474,Anon_fe231aa3,TG,,53.562336,-20.691347
TG__321,Anon_0c44367b,TG,PA,53.666612,-13.222169
Gab__100,Anon_b72a9108,Gab,,53.562336,-20.691347
TG__61,Anon_4a608b5b,TG,,53.562336,-20.691347
TG__492,Anon_b591f2cc,TG,,53.562336,-20.691347
Bitchute__20,Anon_e405fe5c,Bitchute,,53.562336,-20.691347
Twitter__22,Anon_22a04eac,Twitter,,53.562336,-20.691347
TG__38,Anon_a95ceaa1,TG,,53.562336,-20.691347
Gab__110,Anon_e9407b99,Gab,,53.562336,-20.691347
Gab__156,Anon_e0701180,Gab,,53.562336,-20.691347
Bitchute__40,Anon_f3477d61,Bitchute,,53.562336,-20.691347
TG__170,Anon_24fc293e,TG,,53.562336,-20.691347
TG__201,Anon_fc92055f,TG,,53.562336,-20.691347
Bitchute__37,Anon_b2535f87,Bitchute,,53.562336,-20.691347
Twitter__23,Anon_1bb45284,Twitter,,53.562336,-20.691347
TG__207,Anon_01a4b324,TG,,53.562336,-20.691347
TG__51,Anon_00afbced,TG,,53.562336,-20.691347
TG__305,Anon_b71bbb1c,TG,,53.562336,-20.691347
FB__189,Anon_4390f788,FB,,53.562336,-20.691347
Bitchute__27,Anon_b495ca25,Bitchute,,53.562336,-20.691347
Bitchute__157,Anon_c3c72bb0,Bitchute,,53.562336,-20.691347
Twitter__26,Anon_0e3882d1,Twitter,,53.562336,-20.691347
TG__75,Anon_ac3e9ffa,TG,,53.562336,-20.691347
TG__57,Anon_75aa14d6,TG,,53.562336,-20.691347
TG__519,Anon_6855f70f,TG,,53.562336,-20.691347
Gab__35,Anon_ad43ad3a,Gab,,53.562336,-20.691347
Bitchute__22,Anon_a2d7ae05,Bitchute,,53.562336,-20.691347
Gab__30,Anon_10e1056b,Gab,,53.562336,-20.691347
Twitter__10,Anon_91df32c1,Twitter,,53.562336,-20.691347
Gab__147,Anon_91448dd6,Gab,,53.562336,-20.691347
Bitchute__24,Anon_23dd704c,Bitchute,,53.562336,-20.691347
TG__293,Anon_0b994800,TG,,53.562336,-20.691347
Gab__3,Anon_07e12858,Gab,,53.562336,-20.691347
4Chan__1,Anon_927409cf,4Chan,,53.562336,-20.691347
Bitchute__11,Anon_6b6f422d,Bitchute,,53.562336,-20.691347
Twitter__38,Anon_ac1129d9,Twitter,,53.562336,-20.691347
Gab__284,Anon_5f04d110,Gab,PA,53.666612,-13.222169
TG__73,Anon_5af58985,TG,,53.562336,-20.691347
TG__325,Anon_3d50c777,TG,,53.562336,-20.691347
Bitchute__64,Anon_1229cb24,Bitchute,,53.562336,-20.691347
TG__447,Anon_d480d20e,TG,,53.562336,-20.691347
Twitter__32,Anon_b273bd54,Twitter,,53.562336,-20.691347
Twitter__21,Anon_3181f07e,Twitter,,53.562336,-20.691347
TG__397,Anon_9c36f1d1,TG,,53.562336,-20.691347
Gab__14,Anon_406acb92,Gab,,53.562336,-20.691347
Bitchute__146,Anon_67a97337,Bitchute,,53.562336,-20.691347
TG__125,Anon_f6fc88ee,TG,,53.562336,-20.691347
TG__516,Anon_47afdbe6,TG,,53.562336,-20.691347
TG__142,Anon_320ca6d3,TG,,53.562336,-20.691347
TG__314,Anon_a6c32180,TG,,53.562336,-20.691347
Rumble__24,Anon_05f6f41f,Rumble,,53.562336,-20.691347
Gab__292,Anon_28339d22,Gab,,53.562336,-20.691347
Gab__422,Anon_e71968bc,Gab,,53.562336,-20.691347
Bitchute__6,Anon_b5bf611a,Bitchute,,53.562336,-20.691347
Gab__388,Anon_f8caa783,Gab,,53.562336,-20.691347
Bitchute__5,Anon_81147987,Bitchute,,53.562336,-20.691347
Bitchute__34,Anon_ba11bbbd,Bitchute,,53.562336,-20.691347
Gab__31,Anon_4e44d82e,Gab,,53.562336,-20.691347
TG__503,Anon_fd2f7b6e,TG,,53.562336,-20.691347
TG__72,Anon_41485d04,TG,,53.562336,-20.691347
TG__150,Anon_ae79230c,TG,,53.562336,-20.691347
Twitter__48,Anon_54210fcf,Twitter,,53.562336,-20.691347
Twitter__2,Anon_922dc05e,Twitter,,53.562336,-20.691347
Gab__146,Anon_3e20e468,Gab,,53.562336,-20.691347
Bitchute__167,Anon_8a1ee379,Bitchute,,53.562336,-20.691347
Bitchute__47,Anon_5305395e,Bitchute,,53.562336,-20.691347
Bitchute__147,Anon_35add1a4,Bitchute,,53.562336,-20.691347
TG__524,Anon_b3fd1be7,TG,,53.562336,-20.691347
TG__99,Anon_62628686,TG,,53.562336,-20.691347
Bitchute__114,Anon_1501fb9a,Bitchute,,53.562336,-20.691347
TG__134,Anon_fb521d4b,TG,,53.562336,-20.691347
Gab__105,Anon_f7c5962e,Gab,,53.562336,-20.691347
Bitchute__71,Anon_dae1c51e,Bitchute,,53.562336,-20.691347
Twitter__9,Anon_814462d0,Twitter,,53.562336,-20.691347
TG__211,Anon_bee550df,TG,,53.562336,-20.691347
TG__231,Anon_ca0c4f4b,TG,,53.562336,-20.691347
TG__316,Anon_a79cda9f,TG,,53.562336,-20.691347
Twitter__27,Anon_cdd4d371,Twitter,,53.562336,-20.691347
TG__158,Anon_dfac1701,TG,,53.562336,-20.691347
TG__68,Anon_a25e0f9a,TG,,53.562336,-20.691347
FB__58,Anon_a75c2102,FB,,53.562336,-20.691347
TG__34,Anon_4f96b14d,TG,,53.562336,-20.691347
Gab__89,Anon_d3a4793a,Gab,,53.562336,-20.691347
TG__50,Anon_96021df0,TG,,53.562336,-20.691347
TG__52,Anon_a656754f,TG,,53.562336,-20.691347
TG__65,Anon_cee1b343,TG,,53.562336,-20.691347
Gab__411,Anon_7fff8e18,Gab,,53.562336,-20.691347
TG__23,Anon_e788e7ba,TG,,53.562336,-20.691347
Gab__13,Anon_25b49ebc,Gab,,53.562336,-20.691347
FB__190,Anon_fccedece,FB,,53.562336,-20.691347
TG__215,Anon_e10a2ee2,TG,,53.562336,-20.691347
Bitchute__25,Anon_475b3554,Bitchute,,53.562336,-20.691347
VK__148,Anon_14dff231,VK,,53.562336,-20.691347
TG__143,Anon_72356f3e,TG,,53.562336,-20.691347
TG__87,Anon_58a5e846,TG,,53.562336,-20.691347
TG__194,Anon_4ca65758,TG,,53.562336,-20.691347
TG__116,Anon_7d9e30ea,TG,,53.562336,-20.691347
TG__208,Anon_d2057a59,TG,,53.562336,-20.691347
Twitter__16,Anon_90f76dc5,Twitter,,53.562336,-20.691347
Bitchute__28,Anon_e5b72e5c,Bitchute,,53.562336,-20.691347
TG__47,Anon_f8fe62cb,TG,,53.562336,-20.691347
TG__276,Anon_bd1a19bf,TG,,53.562336,-20.691347
Gab__335,Anon_92e5d04a,Gab,,53.562336,-20.691347
TG__320,Anon_e3b6ee80,TG,,53.562336,-20.691347
TG__331,Anon_b4ae980a,TG,,53.562336,-20.691347
TG__151,Anon_5268f32f,TG,,53.562336,-20.691347
Gab__11,Anon_33e9c1c9,Gab,,53.562336,-20.691347
TG__266,Anon_c6d075c4,TG,,53.562336,-20.691347
Twitter__15,Anon_86f703c5,Twitter,,53.562336,-20.691347
Gab__410,Anon_32fc37d8,Gab,,53.562336,-20.691347
TG__173,Anon_98c215a9,TG,,53.562336,-20.691347
TG__1008789,Anon_d79a0f32,TG,PA,53.666612,-13.222169
Bitchute__1000138,Anon_30ed85c2,Bitchute,PA,53.666612,-13.222169
Gab__1004568,Anon_854b86cc,Gab,PA,53.666612,-13.222169
TG__1001447,Anon_21345e53,TG,PA,52.1307,-3.7837
TG__1006402,Anon_79604ecf,TG,PA,53.7632,-2.7044
TG__1006403,Anon_73980c34,TG,PA,52.971,-1.1694
TG__1001782,Anon_e3f8b349,TG,PA,56.4907,-4.2026
TG__1004281,Anon_ea45b86f,TG,PA,52.4862,-1.8904
TG__1004167,Anon_4330ae55,TG,PA,50.7755,-3.7766
Odysee__1000503,Anon_ea45b86f,Odysee,PA,52.4862,-1.8904
Odysee__1000416,Anon_30ed85c2,Odysee,PA,53.666612,-13.222169
Odysee__1000237,Anon_5e66cdb3,Odysee,PA,53.666612,-13.222169
Odysee__1000424,Anon_854b86cc,Odysee,PA,53.666612,-13.222169
TG__1001446,Anon_2486fe12,TG,PA,51.5074,-0.1278
TG__1001709,Anon_c3f68a2c,TG,PA,53.8008,-1.5491
Odysee__1000798,Anon_c3f68a2c,Odysee,PA,53.8008,-1.5491
TG__1001790,Anon_88904165,TG,PA,52.2413,0.8919
TG__1001787,Anon_5f6045ac,TG,PA,54.9784,-1.6174
Wikipedia__1013365,Anon_854b86cc,Wikipedia,PA,53.666612,-13.222169
Gab__1003714,Anon_64a1bf65,Gab,PA,53.7632,-2.7044
Gab__1001832,Anon_16eb640b,Gab,PA,52.971,-1.1694
Gab__1002648,Anon_50ed6c37,Gab,PA,53.7632,-2.7044
YouTube__1258245,Anon_854b86cc,YouTube,PA,53.666612,-13.222169
TG__1008125,Anon_350f41b0,TG,PA,53.666612,-13.222169
Odysee__1000617,Anon_79604ecf,Odysee,PA,53.7632,-2.7044
Odysee__1000193,Anon_21345e53,Odysee,PA,52.1307,-3.7837
YouTube__1226654,Anon_f2e29b8b,YouTube,PA,52.2413,0.8919
YouTube__1372150,Anon_79604ecf,YouTube,PA,53.7632,-2.7044
Gab__1003879,Anon_3d20c4c2,Gab,PA,52.2413,0.8919
